Country	Rank	Song	Artists	Album	Cover	Link
Austria	1	Houdini	Eminem	Houdini	https://i.scdn.co/image/ab67616d0000b273810603c94c9246379604cf1a	https://open.spotify.com/track/2HYFX63wP3otVIvopRS99Z
Austria	2	ZEIT, DASS SICH WAS DREHT	$OHO BANI, Herbert Grönemeyer, Ericson	ZEIT, DASS SICH WAS DREHT	https://i.scdn.co/image/ab67616d0000b273822a12155c7808871858d7e0	https://open.spotify.com/track/1NifMX1JqCz9caJowG8dxq
Austria	3	i like the way you kiss me	Artemas	i like the way you kiss me	https://i.scdn.co/image/ab67616d0000b273e67611dbbf69a90d0b6cb738	https://open.spotify.com/track/2GxrNKugF82CnoRFbQfzPf
Austria	4	Gata Only	FloyyMenor, Cris Mj	Gata Only	https://i.scdn.co/image/ab67616d0000b273c4583f3ad76630879a75450a	https://open.spotify.com/track/6XjDF6nds4DE2BBbagZol6
Austria	5	Espresso	Sabrina Carpenter	Espresso	https://i.scdn.co/image/ab67616d0000b273659cd4673230913b3918e0d5	https://open.spotify.com/track/2qSkIjg1o9h3YT9RAgYN75
Austria	6	Too Sweet	Hozier	Unreal Unearth: Unheard	https://i.scdn.co/image/ab67616d0000b2733e1b212546dac35443735241	https://open.spotify.com/track/5Z0UnEtpLDQyYlWwgi8m9C
Austria	7	Mittelmeer	Pashanim	2000	https://i.scdn.co/image/ab67616d0000b27333ff34130a6eeecb47d24d26	https://open.spotify.com/track/6leQi7NakJQS1vHRtZsroe
Austria	8	Panama	GReeeN	Glückskind	https://i.scdn.co/image/ab67616d0000b273ef496a180518f3ace76dd9ef	https://open.spotify.com/track/3qcreqi8RaGqahtJSQDxNI
Austria	9	Beautiful Things	Benson Boone	Fireworks & Rollerblades	https://i.scdn.co/image/ab67616d0000b273cc04ff3e70e146ba9abacf40	https://open.spotify.com/track/3xkHsmpQCBMytMJNiDf3Ii
Austria	10	Stargazing	Myles Smith	Stargazing	https://i.scdn.co/image/ab67616d0000b27381b12e1a0584e8ea7ba2ae4a	https://open.spotify.com/track/3Vr3zh0r7ALn8VLqCiRR10
Hungary	1	SZÍVTIPRÓ	T. Danny	SZÍVTIPRÓ	https://i.scdn.co/image/ab67616d0000b27306af53d532b59243af17dd17	https://open.spotify.com/track/5LsAiClz23EjfEvQpyzuUi
Hungary	2	Strawberry	DESH	Strawberry	https://i.scdn.co/image/ab67616d0000b273571bb6ad882465a13f831971	https://open.spotify.com/track/6DmpM21b070AdtXm7Lc370
Hungary	3	Rampapapam	DESH, Young Fly, Azahriah, Lord Panamo	CARPE DIEM	https://i.scdn.co/image/ab67616d0000b2737ac1501b2c36c9b4e785f336	https://open.spotify.com/track/1E2flGJxXQNeBLRqQXiAsK
Hungary	4	introvertált dal	Azahriah	memento	https://i.scdn.co/image/ab67616d0000b273b9f856c934243d5bb06f0deb	https://open.spotify.com/track/2EAvOY1uymm5ZAd0ZbnnPW
Hungary	5	Espresso	Sabrina Carpenter	Espresso	https://i.scdn.co/image/ab67616d0000b273659cd4673230913b3918e0d5	https://open.spotify.com/track/2qSkIjg1o9h3YT9RAgYN75
Hungary	6	Voodoo Baba	Manuel, Moriones	Torz	https://i.scdn.co/image/ab67616d0000b2734c5b1c2a1c62e0e3f7b6e0c7	https://open.spotify.com/track/1tTOuvmJvZ2DACbTLkwZIT
Hungary	7	i like the way you kiss me	Artemas	i like the way you kiss me	https://i.scdn.co/image/ab67616d0000b273e67611dbbf69a90d0b6cb738	https://open.spotify.com/track/2GxrNKugF82CnoRFbQfzPf
Hungary	8	Gata Only	FloyyMenor, Cris Mj	Gata Only	https://i.scdn.co/image/ab67616d0000b273c4583f3ad76630879a75450a	https://open.spotify.com/track/6XjDF6nds4DE2BBbagZol6
Hungary	9	Úgy Hiszem	Pogány Induló	Vagy Mindent Vagy Semmit	https://i.scdn.co/image/ab67616d0000b2733b668d686dd3adbf0970e377	https://open.spotify.com/track/2zIijzos3rNY6DkvX2ZYDX
Hungary	10	Mind1	Azahriah, DESH	A ló túloldalán	https://i.scdn.co/image/ab67616d0000b2737df2b22056522c8afc43e631	https://open.spotify.com/track/7lemjnVRAqQtqqLdSqCKqM
Ukraine	1	Барабан	Artem Pivovarov, Klavdia Petrivna	THE BEST	https://i.scdn.co/image/ab67616d0000b27378aed5a849ad080b2d8f0908	https://open.spotify.com/track/2WeoEwj67HCAR2QULKnql6
Ukraine	2	i like the way you kiss me	Artemas	i like the way you kiss me	https://i.scdn.co/image/ab67616d0000b273e67611dbbf69a90d0b6cb738	https://open.spotify.com/track/2GxrNKugF82CnoRFbQfzPf
Ukraine	3	А я все плакала	DOROFEEVA, LEBIGA	А я все плакала	https://i.scdn.co/image/ab67616d0000b273b8fc053f9b02cedfe27bfdc4	https://open.spotify.com/track/6gYFTv081r8gQaC19iiszf
Ukraine	4	А що?	MONATIK	А що?	https://i.scdn.co/image/ab67616d0000b2737d22bd02be76da51ed835c52	https://open.spotify.com/track/12TC6zACzfx6ey8ZAP6R3y
Ukraine	5	Хартбіт	DOROFEEVA	Хартбіт	https://i.scdn.co/image/ab67616d0000b273966ff2362799dc0a70f305e3	https://open.spotify.com/track/198PqHQboOXnYfwD1cr9Sa
Ukraine	6	Я тобі брехала	Klavdia Petrivna	Я тобі брехала	https://i.scdn.co/image/ab67616d0000b273be3762a4de0a80b34c201cf5	https://open.spotify.com/track/1G5M0Aox7zAnvFjPqSo3fY
Ukraine	7	Селфхарм	Monetochka	Молитвы. Анекдоты. Тосты.	https://i.scdn.co/image/ab67616d0000b27370ebd1b40be2fa37d043ee14	https://open.spotify.com/track/46tUEN0dIhVxYbOgxCvkF4
Ukraine	8	Забий	Wellboy, Parfeniuk	Забий	https://i.scdn.co/image/ab67616d0000b27326f0c2b754381093f7617ab2	https://open.spotify.com/track/23cpg22rXsND2u3ElYxQdj
Ukraine	9	Teresa & Maria	alyona alyona, Jerry Heil	Teresa & Maria	https://i.scdn.co/image/ab67616d0000b27371f99b38ac1c81d04abc4203	https://open.spotify.com/track/7n3Czk07KugPQOWuqCHDmF
Ukraine	10	MILLION DOLLAR BABY	Tommy Richman	MILLION DOLLAR BABY	https://i.scdn.co/image/ab67616d0000b27301c0cd5da820e6128655854f	https://open.spotify.com/track/5AJ9hqTS2wcFQCELCFRO7A
Czech Republic	1	Letná	Rohony, Manene	Letná	https://i.scdn.co/image/ab67616d0000b273159428652ec410def2440397	https://open.spotify.com/track/7JLiGPvaKNNrYJHfzfANe5
Czech Republic	2	Narcos	Hard Rico, Yzomandias	Narcos	https://i.scdn.co/image/ab67616d0000b273f69eef414e6840950acda925	https://open.spotify.com/track/1OWQtElgSSmAcIT6fZLJ6R
Czech Republic	3	Suave	Calin	Bieber Fever	https://i.scdn.co/image/ab67616d0000b273beec85cc5d3d5ada4b4d4784	https://open.spotify.com/track/5E1tL0zofGATKf1cthCxwf
Czech Republic	4	Window Shopper	Calin	Bieber Fever	https://i.scdn.co/image/ab67616d0000b273beec85cc5d3d5ada4b4d4784	https://open.spotify.com/track/2x39J1ztiWV60Q7WeSHIpW
Czech Republic	5	i like the way you kiss me	Artemas	i like the way you kiss me	https://i.scdn.co/image/ab67616d0000b273e67611dbbf69a90d0b6cb738	https://open.spotify.com/track/2GxrNKugF82CnoRFbQfzPf
Czech Republic	6	Pedro	Jaxomy, Agatino Romero, Raffaella Carrà	Pedro	https://i.scdn.co/image/ab67616d0000b27384464d902b1ebaf62775a6da	https://open.spotify.com/track/48lxT5qJF0yYyf2z4wB4xW
Czech Republic	7	Beautiful Things	Benson Boone	Fireworks & Rollerblades	https://i.scdn.co/image/ab67616d0000b273cc04ff3e70e146ba9abacf40	https://open.spotify.com/track/3xkHsmpQCBMytMJNiDf3Ii
Czech Republic	8	Baila	KOJO	Baila	https://i.scdn.co/image/ab67616d0000b2735ee4c42157d95d1e244f023a	https://open.spotify.com/track/4USCgD3COcDf6KX1LNX3ga
Czech Republic	9	Espresso	Sabrina Carpenter	Espresso	https://i.scdn.co/image/ab67616d0000b273659cd4673230913b3918e0d5	https://open.spotify.com/track/2qSkIjg1o9h3YT9RAgYN75
Czech Republic	10	Síla Starejch Vín	ŠKWOR	Sliby & Lži	https://i.scdn.co/image/ab67616d0000b273e4fb100068f72b0e7244aabd	https://open.spotify.com/track/6qgMr9LacgnihY9IdYriMP
Spain	1	REAL GANGSTA LOVE	Trueno	EL ÚLTIMO BAILE	https://i.scdn.co/image/ab67616d0000b27368a450f7bcdc187e20f0ba0a	https://open.spotify.com/track/1pymWRCuZfCd0zdiBJo0Hj
Spain	2	BADGYAL	SAIKO, JC Reyes, Dei V	SAKURA	https://i.scdn.co/image/ab67616d0000b273e346fc6f767ca2ac8365fe60	https://open.spotify.com/track/3ng8tfwvzR4BBwa9yaMms6
Spain	3	Potra Salvaje - Hard Remix	Isabel Aaiún, Fernando Moreno	Potra Salvaje (Hard Remix)	https://i.scdn.co/image/ab67616d0000b27340b1d6f6201f92d7f4accc0c	https://open.spotify.com/track/4gdpQ6zuDsePnD1YIDJCRw
Spain	4	Santa	Rvssian, Rauw Alejandro, Ayra Starr	Santa	https://i.scdn.co/image/ab67616d0000b273edf307a421ee80c9262f8dc8	https://open.spotify.com/track/6a9Z1jUms915w4O7N1PxjY
Spain	5	Si Antes Te Hubiera Conocido	KAROL G	Si Antes Te Hubiera Conocido	https://i.scdn.co/image/ab67616d0000b273491678beaffcefac517a699e	https://open.spotify.com/track/6WatFBLVB0x077xWeoVc2k
Spain	6	LA REINA	Lola Indigo	LA REINA	https://i.scdn.co/image/ab67616d0000b273237f2c6530efb88428bb177e	https://open.spotify.com/track/06JM1fuKPQOrSL6s9mzDvV
Spain	7	Gata Only	FloyyMenor, Cris Mj	Gata Only	https://i.scdn.co/image/ab67616d0000b273c4583f3ad76630879a75450a	https://open.spotify.com/track/6XjDF6nds4DE2BBbagZol6
Spain	8	EL PANTALON - RUMBAS	Omar Montes, Lola Indigo, Las Chuches	LAGRIMAS DE UN MALEANTE	https://i.scdn.co/image/ab67616d0000b273b97f603621a230afd6e578df	https://open.spotify.com/track/7CsOowK8aWlxgjuZLW7pXA
Spain	9	FRIKI	Gonzy	FRIKI	https://i.scdn.co/image/ab67616d0000b273df9069eb8ce60b8f2059aee4	https://open.spotify.com/track/2TWX6XUqmPx44FDOmgtb0I
Spain	10	El Conjuntito	El Bobe, Omar Montes	El Conjuntito	https://i.scdn.co/image/ab67616d0000b273cd22e1599ed8847e9463dfc2	https://open.spotify.com/track/2bipvepI8ridFvIAImR5Xf
Slovakia	1	NENI STRE$S	Pil C, Luca Brassi10x, Separ	VOJNA	https://i.scdn.co/image/ab67616d0000b2734f535b05f2eb229ddf6b9c42	https://open.spotify.com/track/1P8o6bOTyh1kEqe72JFzzO
Slovakia	2	NESTARAM SA	Pil C, Luca Brassi10x	VOJNA	https://i.scdn.co/image/ab67616d0000b2734f535b05f2eb229ddf6b9c42	https://open.spotify.com/track/2sfL5PDP2uid2zbDYOLaPv
Slovakia	3	Bbejbb	Separ, Peter Pann	DOVIDENIA	https://i.scdn.co/image/ab67616d0000b27373d128529d8cc2081e959873	https://open.spotify.com/track/3BQqSkF8Raj9lEzJdscmmu
Slovakia	4	Pedro	Jaxomy, Agatino Romero, Raffaella Carrà	Pedro	https://i.scdn.co/image/ab67616d0000b27384464d902b1ebaf62775a6da	https://open.spotify.com/track/48lxT5qJF0yYyf2z4wB4xW
Slovakia	5	Suave	Calin	Bieber Fever	https://i.scdn.co/image/ab67616d0000b273beec85cc5d3d5ada4b4d4784	https://open.spotify.com/track/5E1tL0zofGATKf1cthCxwf
Slovakia	6	i like the way you kiss me	Artemas	i like the way you kiss me	https://i.scdn.co/image/ab67616d0000b273e67611dbbf69a90d0b6cb738	https://open.spotify.com/track/2GxrNKugF82CnoRFbQfzPf
Slovakia	7	Narcos	Hard Rico, Yzomandias	Narcos	https://i.scdn.co/image/ab67616d0000b273f69eef414e6840950acda925	https://open.spotify.com/track/1OWQtElgSSmAcIT6fZLJ6R
Slovakia	8	Netancuj	Luca Brassi10x, Shimmi, AstralKid22	Ghettoven	https://i.scdn.co/image/ab67616d0000b2733825a769067cd49d5b43ce40	https://open.spotify.com/track/6dsXarPGibMpzgH5OfvC5P
Slovakia	9	Peniaze	Luca Brassi10x, Crosso, Tisci	Ghettoven	https://i.scdn.co/image/ab67616d0000b2733825a769067cd49d5b43ce40	https://open.spotify.com/track/51wzXdbSUBQt0bcjBpLqXR
Slovakia	10	Espresso	Sabrina Carpenter	Espresso	https://i.scdn.co/image/ab67616d0000b273659cd4673230913b3918e0d5	https://open.spotify.com/track/2qSkIjg1o9h3YT9RAgYN75
Switzerland	1	Gata Only	FloyyMenor, Cris Mj	Gata Only	https://i.scdn.co/image/ab67616d0000b273c4583f3ad76630879a75450a	https://open.spotify.com/track/6XjDF6nds4DE2BBbagZol6
Switzerland	2	Espresso	Sabrina Carpenter	Espresso	https://i.scdn.co/image/ab67616d0000b273659cd4673230913b3918e0d5	https://open.spotify.com/track/2qSkIjg1o9h3YT9RAgYN75
Switzerland	3	Beautiful Things	Benson Boone	Fireworks & Rollerblades	https://i.scdn.co/image/ab67616d0000b273cc04ff3e70e146ba9abacf40	https://open.spotify.com/track/3xkHsmpQCBMytMJNiDf3Ii
Switzerland	4	Houdini	Eminem	Houdini	https://i.scdn.co/image/ab67616d0000b273810603c94c9246379604cf1a	https://open.spotify.com/track/2HYFX63wP3otVIvopRS99Z
Switzerland	5	Belong Together	Mark Ambor	Belong Together	https://i.scdn.co/image/ab67616d0000b273ed71b8008aaa879622f8c3b5	https://open.spotify.com/track/5uQ7de4EWjb3rkcFxyEOpu
Switzerland	6	Stargazing	Myles Smith	Stargazing	https://i.scdn.co/image/ab67616d0000b27381b12e1a0584e8ea7ba2ae4a	https://open.spotify.com/track/3Vr3zh0r7ALn8VLqCiRR10
Switzerland	7	BIRDS OF A FEATHER	Billie Eilish	HIT ME HARD AND SOFT	https://i.scdn.co/image/ab67616d0000b27371d62ea7ea8a5be92d3c1f62	https://open.spotify.com/track/6dOtVTDdiauQNBQEDOtlAB
Switzerland	8	i like the way you kiss me	Artemas	i like the way you kiss me	https://i.scdn.co/image/ab67616d0000b273e67611dbbf69a90d0b6cb738	https://open.spotify.com/track/2GxrNKugF82CnoRFbQfzPf
Switzerland	9	Too Sweet	Hozier	Unreal Unearth: Unheard	https://i.scdn.co/image/ab67616d0000b2733e1b212546dac35443735241	https://open.spotify.com/track/5Z0UnEtpLDQyYlWwgi8m9C
Switzerland	10	Move	Adam Port, Stryv, Keinemusik, Orso, Malachiii	Move	https://i.scdn.co/image/ab67616d0000b27317a013a00d0a33f3dd49974d	https://open.spotify.com/track/1BJJbSX6muJVF2AK7uH1x4
Sweden	1	Look Who's Laughing Now	Benjamin Ingrosso	Look Who's Laughing Now	https://i.scdn.co/image/ab67616d0000b27386692c9940ff101c26ffef87	https://open.spotify.com/track/5iBSvGT3waImHIGW1eEeH7
Sweden	2	Sista Gång	C.Gambino	Sista Gång	https://i.scdn.co/image/ab67616d0000b273f20fe0452c176c4eaa2e56b2	https://open.spotify.com/track/2i659C6ywROaFG0kj5eOoA
Sweden	3	A Bar Song (Tipsy)	Shaboozey	Where I've Been, Isn't Where I'm Going	https://i.scdn.co/image/ab67616d0000b27360df033c8f8b17384387666a	https://open.spotify.com/track/5fZJQrFKWQLb7FpJXZ1g7K
Sweden	4	Honey Boy (feat. Nile Rodgers & Shenseea)	Purple Disco Machine, Benjamin Ingrosso, Nile Rodgers, Shenseea	Honey Boy (feat. Nile Rodgers & Shenseea)	https://i.scdn.co/image/ab67616d0000b27351254e0f220bfed7028497ac	https://open.spotify.com/track/1NpIUD4KqHaMT91kw0YV40
Sweden	5	Sunnanvind	Mares	Sunnanvind	https://i.scdn.co/image/ab67616d0000b273deea6f33cc7e6b4d2a4151c6	https://open.spotify.com/track/4GK4mydvnsodLEHWb4zJV4
Sweden	6	Espresso	Sabrina Carpenter	Espresso	https://i.scdn.co/image/ab67616d0000b273659cd4673230913b3918e0d5	https://open.spotify.com/track/2qSkIjg1o9h3YT9RAgYN75
Sweden	7	Slutet av sommarn	Molly Sandén	Slutet av sommarn	https://i.scdn.co/image/ab67616d0000b273d1802c814b165bac387b5121	https://open.spotify.com/track/0mfzkwz6c0sb5qpkk79ZDO
Sweden	8	Maraton (feat. Eah Jé)	Miss Li, Eah Jé	Maraton (feat. Eah Jé)	https://i.scdn.co/image/ab67616d0000b2731112245dc30434d0103ec4fc	https://open.spotify.com/track/0FAWHFKFtk9eUQK6gLxBkw
Sweden	9	Please Please Please	Sabrina Carpenter	Please Please Please	https://i.scdn.co/image/ab67616d0000b273de84adf0e48248ea2d769c3e	https://open.spotify.com/track/5N3hjp1WNayUPZrA8kJmJP
Sweden	10	I Had Some Help (Feat. Morgan Wallen)	Post Malone, Morgan Wallen	I Had Some Help	https://i.scdn.co/image/ab67616d0000b27397306976e3eb8aad53b754eb	https://open.spotify.com/track/7221xIgOnuakPdLqT0F3nP
Romania	1	BABASHA - Păi Naa	كريم كرستيانو و اسلام كابونجا	BABASHA - Păi Naa	https://i.scdn.co/image/ab67616d0000b273587529262d10e48dcaf770f4	https://open.spotify.com/track/6tour4iZyJ5dMqTuqQwbPm
Romania	2	Baklava	Gya, Babasha	Baklava	https://i.scdn.co/image/ab67616d0000b273111864ba0902738328405451	https://open.spotify.com/track/5jDcoEETEDGuFlKhPm6eIq
Romania	3	Nebunia lui Babasha	Babasha, Ministerul Manelelor	Nebunia lui Babasha	https://i.scdn.co/image/ab67616d0000b273de083a6c69619d52ec88f453	https://open.spotify.com/track/4lq4TC1NoJJOOQlNis8YYN
Romania	4	Aoleu	Babasha, Ministerul Manelelor	Aoleu	https://i.scdn.co/image/ab67616d0000b27335885762bbef6987a4a21bda	https://open.spotify.com/track/0RgvTGup9GpTFJq897mdYo
Romania	5	Ia-ma Du-ma	Babasha	Ia-ma Du-ma	https://i.scdn.co/image/ab67616d0000b2737b6c8362865de3b952741922	https://open.spotify.com/track/7dpjndI7KXtTVAERTplKMw
Romania	6	Baba	Gheboasă, Alberto Guta	Baba	https://i.scdn.co/image/ab67616d0000b273b45332a3b97d8b3cc37d8d32	https://open.spotify.com/track/2LwLdMMTnZgDggYoUxXn8d
Romania	7	"Vorba Francezului - From ""Buzz House"" The Movie"	Tzanca Uraganu, Sheik	"Vorba Francezului (From ""Buzz House"" The Movie)"	https://i.scdn.co/image/ab67616d0000b27393d2e44fb45ccd341757ac90	https://open.spotify.com/track/1lb1SBZXMocgE9O93dfxRr
Romania	8	Vocea ta	Lele, Manele VTM	Vocea ta	https://i.scdn.co/image/ab67616d0000b273674c336e079ed1eb50f0c3ae	https://open.spotify.com/track/7CMacubcnXb2QehV6HF4ew
Romania	9	Burj Khalifa	Tzanca Uraganu, Sheik	Burj Khalifa	https://i.scdn.co/image/ab67616d0000b2733196392fffc33c89bb7ddd08	https://open.spotify.com/track/1XnSv4BUz58CBzioQap0V1
Romania	10	Gata Only	FloyyMenor, Cris Mj	Gata Only	https://i.scdn.co/image/ab67616d0000b273c4583f3ad76630879a75450a	https://open.spotify.com/track/6XjDF6nds4DE2BBbagZol6
Portugal	1	Sagrado Profano	Luísa Sonza, KayBlack	Escândalo Íntimo	https://i.scdn.co/image/ab67616d0000b273c0b2e3d15b417e3195f493d2	https://open.spotify.com/track/7ldcYtMOjtX1eFVEYzj2kJ
Portugal	2	MTG QUEM NÃO QUER SOU EU	DJ TOPO, Seu Jorge, Mc Leozin, MC G15	MTG QUEM NÃO QUER SOU EU	https://i.scdn.co/image/ab67616d0000b273873dd9224b54e0a92887c95c	https://open.spotify.com/track/6RjSXi9cPGroetXeNsWFGL
Portugal	3	Gata Only	FloyyMenor, Cris Mj	Gata Only	https://i.scdn.co/image/ab67616d0000b273c4583f3ad76630879a75450a	https://open.spotify.com/track/6XjDF6nds4DE2BBbagZol6
Portugal	4	Bênção	Mizzy Miles, Van Zee, Bispo	Bênção	https://i.scdn.co/image/ab67616d0000b27337355584e9838bc07a5610b2	https://open.spotify.com/track/1hdWqiFAy5hNRxyVpDy81P
Portugal	5	Espresso	Sabrina Carpenter	Espresso	https://i.scdn.co/image/ab67616d0000b273659cd4673230913b3918e0d5	https://open.spotify.com/track/2qSkIjg1o9h3YT9RAgYN75
Portugal	6	Alô	Dillaz, Plutonio	O Próprio	https://i.scdn.co/image/ab67616d0000b27349559fe47def2845c27c64d8	https://open.spotify.com/track/6vBuEFImAx36hDYiYqBtkZ
Portugal	7	Please Please Please	Sabrina Carpenter	Please Please Please	https://i.scdn.co/image/ab67616d0000b273de84adf0e48248ea2d769c3e	https://open.spotify.com/track/5N3hjp1WNayUPZrA8kJmJP
Portugal	8	Sorriso no Rosto	Mc IG, Murillo e LT no Beat, DJ Glenner	Sorriso no Rosto	https://i.scdn.co/image/ab67616d0000b273b8cf2a9aa1cd76e5dfad53df	https://open.spotify.com/track/3kBYuWrGtx1tSHjzr0vlZh
Portugal	9	BIRDS OF A FEATHER	Billie Eilish	HIT ME HARD AND SOFT	https://i.scdn.co/image/ab67616d0000b27371d62ea7ea8a5be92d3c1f62	https://open.spotify.com/track/6dOtVTDdiauQNBQEDOtlAB
Portugal	10	Beautiful Things	Benson Boone	Fireworks & Rollerblades	https://i.scdn.co/image/ab67616d0000b273cc04ff3e70e146ba9abacf40	https://open.spotify.com/track/3xkHsmpQCBMytMJNiDf3Ii
Poland	1	100 BPM	Kizo, Bletka, BeMelo	PATOPOP (Vol. 1)	https://i.scdn.co/image/ab67616d0000b27337bdb557e66ad593fcb47216	https://open.spotify.com/track/1jxn3isffYQHcGmzy4Z309
Poland	2	Woda Księżycowa	Kubi Producent, bambi, Fukaj, stickxr	Woda Księżycowa	https://i.scdn.co/image/ab67616d0000b2733829f19d57e0686e32d855e5	https://open.spotify.com/track/5QOdYa6XQMdIm6fMYhjHQk
Poland	3	Chyba że z Tobą	MODELKI, Vłodarski	Chyba że z Tobą	https://i.scdn.co/image/ab67616d0000b273fe9ccf647b22aed8d4950697	https://open.spotify.com/track/0peRfvtx1Je91FxQtii5DJ
Poland	4	Genziara	GENZIE	Genziara	https://i.scdn.co/image/ab67616d0000b27393424f6281d6a36486887efb	https://open.spotify.com/track/2nUpzFnUPY6Omv9XWa292d
Poland	5	Przester	Young Leosia, bambi, PG$, francis	PG$	https://i.scdn.co/image/ab67616d0000b273f08323f88dfc2f82f7ca8034	https://open.spotify.com/track/0MTTFee7cTSd46njlPKBZe
Poland	6	Prawie straciłem głos	Chivas	Prawie straciłem głos	https://i.scdn.co/image/ab67616d0000b27384c9011c08922aa33fcdb478	https://open.spotify.com/track/2CJoMNzcvbpV38fKqAOaQ3
Poland	7	B012	Bletka	B012	https://i.scdn.co/image/ab67616d0000b273f9c0712a3718c61504c1c86f	https://open.spotify.com/track/5G7d637BU8TQbUjcE1qjMt
Poland	8	i like the way you kiss me	Artemas	i like the way you kiss me	https://i.scdn.co/image/ab67616d0000b273e67611dbbf69a90d0b6cb738	https://open.spotify.com/track/2GxrNKugF82CnoRFbQfzPf
Poland	9	było, minęło	sanah	Kaprysy	https://i.scdn.co/image/ab67616d0000b27335468b346904b80c89409ea6	https://open.spotify.com/track/5OC347cwcGpiwnHt0YmToq
Poland	10	Double Match	Young Leosia, bambi, PG$, francis	PG$	https://i.scdn.co/image/ab67616d0000b273f08323f88dfc2f82f7ca8034	https://open.spotify.com/track/5fqjgdj9SMB4Jjmyc9cY1J
Norway	1	24/7	Rakkere	24/7	https://i.scdn.co/image/ab67616d0000b273ac9aa8fc7eb036092e503b3c	https://open.spotify.com/track/1Rf6GheVCYLynmXryOlYJP
Norway	2	Please Please Please	Sabrina Carpenter	Please Please Please	https://i.scdn.co/image/ab67616d0000b273de84adf0e48248ea2d769c3e	https://open.spotify.com/track/5N3hjp1WNayUPZrA8kJmJP
Norway	3	A Bar Song (Tipsy)	Shaboozey	Where I've Been, Isn't Where I'm Going	https://i.scdn.co/image/ab67616d0000b27360df033c8f8b17384387666a	https://open.spotify.com/track/5fZJQrFKWQLb7FpJXZ1g7K
Norway	4	Espresso	Sabrina Carpenter	Espresso	https://i.scdn.co/image/ab67616d0000b273659cd4673230913b3918e0d5	https://open.spotify.com/track/2qSkIjg1o9h3YT9RAgYN75
Norway	5	Houdini	Eminem	Houdini	https://i.scdn.co/image/ab67616d0000b273810603c94c9246379604cf1a	https://open.spotify.com/track/2HYFX63wP3otVIvopRS99Z
Norway	6	Bærum Bitches (Mannschaft)	Søte og Rare Gutter	Bærum Bitches (Mannschaft)	https://i.scdn.co/image/ab67616d0000b273710b5d81545bd640fcae27d4	https://open.spotify.com/track/7BPcWZDSRLdMbOybXlspcC
Norway	7	Sølvskje	Bausa, Amara	Ung & Dum	https://i.scdn.co/image/ab67616d0000b27320abbf1830e64319dbb8dbd6	https://open.spotify.com/track/5AhSDzxi6BgID3J75mTGAc
Norway	8	I Had Some Help (Feat. Morgan Wallen)	Post Malone, Morgan Wallen	I Had Some Help	https://i.scdn.co/image/ab67616d0000b27397306976e3eb8aad53b754eb	https://open.spotify.com/track/7221xIgOnuakPdLqT0F3nP
Norway	9	SOLDAT - RMX	VC Barre, Golfklubb, Pablo Paz, takenoelz	SOLDAT (RMX)	https://i.scdn.co/image/ab67616d0000b27363edc3338e6e660045f0f35c	https://open.spotify.com/track/7MZQoikPpcwneYkKhdRvoe
Norway	10	Dans Med Meg	Tigergutt101	Dans Med Meg	https://i.scdn.co/image/ab67616d0000b273fbb0b0c55d1ab08bfae7d489	https://open.spotify.com/track/2g7232WSHdTpsh3br3ueXt
Netherlands	1	Huisfeestje	Bankzitters, Roxy Dekker	Huisfeestje	https://i.scdn.co/image/ab67616d0000b273a93e20667ee443ab9926f5cd	https://open.spotify.com/track/6HfzAzEWhwo19n2jrJnM7k
Netherlands	2	Sugardaddy	Roxy Dekker	Sugardaddy	https://i.scdn.co/image/ab67616d0000b273dda346da4f68ec4d19239022	https://open.spotify.com/track/2hIFhSltVcRU1oJ3kf8Zy4
Netherlands	3	Terug In De Tijd	Yves Berendse	Terug In De Tijd	https://i.scdn.co/image/ab67616d0000b273e11300ca067bbc988f2e6f05	https://open.spotify.com/track/0vrKBjEBQAVn3sdhIXmpHE
Netherlands	4	Espresso	Sabrina Carpenter	Espresso	https://i.scdn.co/image/ab67616d0000b273659cd4673230913b3918e0d5	https://open.spotify.com/track/2qSkIjg1o9h3YT9RAgYN75
Netherlands	5	Stumblin' In	CYRIL	Stumblin' In	https://i.scdn.co/image/ab67616d0000b2739a903819d8a5d3c80c47734c	https://open.spotify.com/track/0h3Xy4V4apMraB5NuM8U7Z
Netherlands	6	Zoet, Zout, Zuur	Robert van Hemert	Zoet, Zout, Zuur	https://i.scdn.co/image/ab67616d0000b2739f4d10b48cd99fdd01643865	https://open.spotify.com/track/4xTjO1NgHBEbINFUQ9Kgao
Netherlands	7	Pretty Girls	Frenna	Pretty Girls	https://i.scdn.co/image/ab67616d0000b2733c239abe4f4f15f05f6f7977	https://open.spotify.com/track/4skvJoTBLEYUfS3Z1xvGjs
Netherlands	8	Stargazing	Myles Smith	Stargazing	https://i.scdn.co/image/ab67616d0000b27381b12e1a0584e8ea7ba2ae4a	https://open.spotify.com/track/3Vr3zh0r7ALn8VLqCiRR10
Netherlands	9	Belong Together	Mark Ambor	Belong Together	https://i.scdn.co/image/ab67616d0000b273ed71b8008aaa879622f8c3b5	https://open.spotify.com/track/5uQ7de4EWjb3rkcFxyEOpu
Netherlands	10	Luchtballon	Joost	Luchtballon	https://i.scdn.co/image/ab67616d0000b273223c2952d9b59cfd7c186430	https://open.spotify.com/track/024pThriWXJRFgGQuixYs7
Luxembourg	1	olive	SadBoyForLife, Skitall	olive	https://i.scdn.co/image/ab67616d0000b273f041897b53bc6a28578d4264	https://open.spotify.com/track/0MWhR7u9YBRraRPCZl0TXg
Luxembourg	2	Gata Only	FloyyMenor, Cris Mj	Gata Only	https://i.scdn.co/image/ab67616d0000b273c4583f3ad76630879a75450a	https://open.spotify.com/track/6XjDF6nds4DE2BBbagZol6
Luxembourg	3	Espresso	Sabrina Carpenter	Espresso	https://i.scdn.co/image/ab67616d0000b273659cd4673230913b3918e0d5	https://open.spotify.com/track/2qSkIjg1o9h3YT9RAgYN75
Luxembourg	4	Beautiful Things	Benson Boone	Fireworks & Rollerblades	https://i.scdn.co/image/ab67616d0000b273cc04ff3e70e146ba9abacf40	https://open.spotify.com/track/3xkHsmpQCBMytMJNiDf3Ii
Luxembourg	5	Africa	TOTO	Toto IV	https://i.scdn.co/image/ab67616d0000b2734a052b99c042dc15f933145b	https://open.spotify.com/track/2374M0fQpWi3dLnB54qaLX
Luxembourg	6	i like the way you kiss me	Artemas	i like the way you kiss me	https://i.scdn.co/image/ab67616d0000b273e67611dbbf69a90d0b6cb738	https://open.spotify.com/track/2GxrNKugF82CnoRFbQfzPf
Luxembourg	7	Stumblin' In	CYRIL	Stumblin' In	https://i.scdn.co/image/ab67616d0000b2739a903819d8a5d3c80c47734c	https://open.spotify.com/track/0h3Xy4V4apMraB5NuM8U7Z
Luxembourg	8	BAND4BAND (feat. Lil Baby)	Central Cee, Lil Baby	BAND4BAND (feat. Lil Baby)	https://i.scdn.co/image/ab67616d0000b2737b588bf0555bde606f8b27c7	https://open.spotify.com/track/7iabz12vAuVQYyekFIWJxD
Luxembourg	9	BIRDS OF A FEATHER	Billie Eilish	HIT ME HARD AND SOFT	https://i.scdn.co/image/ab67616d0000b27371d62ea7ea8a5be92d3c1f62	https://open.spotify.com/track/6dOtVTDdiauQNBQEDOtlAB
Luxembourg	10	I Don't Wanna Wait	David Guetta, OneRepublic	I Don't Wanna Wait	https://i.scdn.co/image/ab67616d0000b2732f479a6c1825c1f29e0a3d49	https://open.spotify.com/track/331l3xABO0HMr1Kkyh2LZq
Lithuania	1	Žvaigždės	Jessica Shy	Sutemos	https://i.scdn.co/image/ab67616d0000b273a2a5fb2f9ce89668e5302ef5	https://open.spotify.com/track/0dWhliZrU41gOE51Zgbbyz
Lithuania	2	Gegužis	Rokas Yan, Monika LIU, Vaidas Baumila	Gegužis	https://i.scdn.co/image/ab67616d0000b2733134f5f0085ef28594234422	https://open.spotify.com/track/5AhgANntiBospadlrAKcxz
Lithuania	3	1000 Vėtrų	Jessica Shy	Sutemos	https://i.scdn.co/image/ab67616d0000b273a2a5fb2f9ce89668e5302ef5	https://open.spotify.com/track/2p9Jb5GxSdQvCJ7zTBSuXK
Lithuania	4	Iš Lėto Leidžiasi Saulė	Jovani, Karališka Erdvė, Remis Retro	Iš Lėto Leidžiasi Saulė	https://i.scdn.co/image/ab67616d0000b2737f1d0a650aaa66e0bee33e12	https://open.spotify.com/track/6CiKfOUAxxTxhdeXyxd6Lw
Lithuania	5	Apkabink	Jessica Shy	Pasaka	https://i.scdn.co/image/ab67616d0000b27316cc4f6105f790f53ae43b5c	https://open.spotify.com/track/6EOpPeCBiBYF0yITU0VQwT
Lithuania	6	i like the way you kiss me	Artemas	i like the way you kiss me	https://i.scdn.co/image/ab67616d0000b273e67611dbbf69a90d0b6cb738	https://open.spotify.com/track/2GxrNKugF82CnoRFbQfzPf
Lithuania	7	Tarp Geltonų Rūtų	Jessica Shy	Sutemos	https://i.scdn.co/image/ab67616d0000b273a2a5fb2f9ce89668e5302ef5	https://open.spotify.com/track/7oT03aTBgEAC3MqizjLL71
Lithuania	8	Espresso	Sabrina Carpenter	Espresso	https://i.scdn.co/image/ab67616d0000b273659cd4673230913b3918e0d5	https://open.spotify.com/track/2qSkIjg1o9h3YT9RAgYN75
Lithuania	9	BIRDS OF A FEATHER	Billie Eilish	HIT ME HARD AND SOFT	https://i.scdn.co/image/ab67616d0000b27371d62ea7ea8a5be92d3c1f62	https://open.spotify.com/track/6dOtVTDdiauQNBQEDOtlAB
Lithuania	10	Luktelk	Silvester Belt	Luktelk	https://i.scdn.co/image/ab67616d0000b273f1155fce698c577745a8b63a	https://open.spotify.com/track/5cVMsMEgeJXghVqWv7wrGl
Latvia	1	Zemenes	Apvedceļš	Tā bija, tā būs...	https://i.scdn.co/image/ab67616d0000b2732d8f7b895f04f5672434f7ce	https://open.spotify.com/track/5qSCOV54U5CItn2gEb4Ek1
Latvia	2	Ai, jel manu vieglu prātu	Jauns Mēness	Garastāvoklis	https://i.scdn.co/image/ab67616d0000b273aac197ad8b4a75da7597ba9c	https://open.spotify.com/track/59MD2NDaTT0ZvOELrOCthn
Latvia	3	Balle Baložos	Jātnieki	Dziesmu krūze #1	https://i.scdn.co/image/ab67616d0000b27396946b07ef9ac14af7c68868	https://open.spotify.com/track/1XIIlQJN0acfB45WvtWhTL
Latvia	4	Mūsu Limuzīns	Labvēlīgais Tips	Naukšēnu Disko	https://i.scdn.co/image/ab67616d0000b2739dcdb3ed3ecc817b0696ab78	https://open.spotify.com/track/3NCyLyOfyNXFweZkCkjSjD
Latvia	5	Brāl' Ar Dzīvi Nekaulē	Bermudu Divstūris, Apvedceļš	Vidēji Glīts	https://i.scdn.co/image/ab67616d0000b27363001a4ba930ebfe4b0bce10	https://open.spotify.com/track/6IHo6KA0JW6FEHT0hdkx7s
Latvia	6	Dzērvenīte	Ferrum	80-tie Vol.1	https://i.scdn.co/image/ab67616d0000b2730f1b670fadba78137fbbf5e8	https://open.spotify.com/track/3Yypq95ytj4GWQPR6nQfuE
Latvia	7	Gandrīz Tautasdziesma	Pērkons	Labu Vakar - Klusā Daba Ar Perspektīvu	https://i.scdn.co/image/ab67616d0000b273750a0ecf35ff12c2456efe05	https://open.spotify.com/track/3OWgntwKHNoilNy4FvHvsj
Latvia	8	Meitene, Zeltene - Bonus track, 1994	Līvi	K.M.K.V.P.	https://i.scdn.co/image/ab67616d0000b27391c039e40a06cb16976fd8a3	https://open.spotify.com/track/3xTH6HCLRY52ey85hGj9KK
Latvia	9	Plaukstas lieluma pavasaris	Prāta Vētra	Dienās, kad lidlauks pārāk tāls	https://i.scdn.co/image/ab67616d0000b273e94b6b6d13cb716a5358ef33	https://open.spotify.com/track/7qIV9g3fbu56fkEUg6nIAH
Latvia	10	Tikai Tā	IGO	Tas Ir Igo 1981-1997 Vol.2	https://i.scdn.co/image/ab67616d0000b2736033521e468d9be3592c0d5e	https://open.spotify.com/track/62OgS4p4gVDjUqXX3iljNd
Italy	1	30ºC	ANNA	30ºC	https://i.scdn.co/image/ab67616d0000b273617793c02b868e17f9951edc	https://open.spotify.com/track/5eyL6waluu7hXrRrWewBFU
Italy	2	SESSO E SAMBA (feat. Gaia)	Tony Effe, Gaia	ICON	https://i.scdn.co/image/ab67616d0000b273079bf39440a71ce5095b40a1	https://open.spotify.com/track/2Q4Z2js0C6DDUVc7GuLGdF
Italy	3	Paprika	Ghali	Paprika	https://i.scdn.co/image/ab67616d0000b27335542084789157d2c769aada	https://open.spotify.com/track/7kS2AVRk5Yj6BTj8PyJFfC
Italy	4	SEXY SHOP	Fedez, Emis Killa	SEXY SHOP	https://i.scdn.co/image/ab67616d0000b27392e8871054eea6af37849904	https://open.spotify.com/track/0GgIXlhkacCRh30t2Se92q
Italy	5	COME UN TUONO (feat. Guè)	Rose Villain, Guè	RADIO SAKURA	https://i.scdn.co/image/ab67616d0000b2737d3c7c72548a5c8bff302714	https://open.spotify.com/track/0lXVWzLwDnKB7Ro5p0AJPg
Italy	6	Gata Only	FloyyMenor, Cris Mj	Gata Only	https://i.scdn.co/image/ab67616d0000b273c4583f3ad76630879a75450a	https://open.spotify.com/track/6XjDF6nds4DE2BBbagZol6
Italy	7	MIU MIU	Tony Effe	ICON	https://i.scdn.co/image/ab67616d0000b273e8f24177ed966e1f814a849c	https://open.spotify.com/track/0ZjxK3xSqyFEDKMMnA7fyl
Italy	8	IO T’O GIUR’ (feat. Sfera Ebbasta)	Geolier, Sfera Ebbasta	DIO LO SA	https://i.scdn.co/image/ab67616d0000b2736ca1afc5513fd69a8c0c4dc2	https://open.spotify.com/track/4z9xPVz2Sii4dhM7yhxOpj
Italy	9	EL PIBE DE ORO	Geolier, Poison Beatz	DIO LO SA	https://i.scdn.co/image/ab67616d0000b2736ca1afc5513fd69a8c0c4dc2	https://open.spotify.com/track/69VAE3LA7jn5rGAsdflMOS
Italy	10	Beatrice (feat. Annalisa)	Tedua, Annalisa	La Divina Commedia (Deluxe)	https://i.scdn.co/image/ab67616d0000b27348c2c3db78eeae67163866f4	https://open.spotify.com/track/5LDmD4cFF0C8BCf3tVvyBW
Iceland	1	Please Please Please	Sabrina Carpenter	Please Please Please	https://i.scdn.co/image/ab67616d0000b273de84adf0e48248ea2d769c3e	https://open.spotify.com/track/5N3hjp1WNayUPZrA8kJmJP
Iceland	2	Til í allt, Pt. III	Friðrik Dór, Herra Hnetusmjör, Steindi Jr.	Til í allt, Pt. III	https://i.scdn.co/image/ab67616d0000b273f9b12e362ef5a739c10c0e50	https://open.spotify.com/track/1FXWxt1GXe5cQK5zBAsXQG
Iceland	3	Espresso	Sabrina Carpenter	Espresso	https://i.scdn.co/image/ab67616d0000b273659cd4673230913b3918e0d5	https://open.spotify.com/track/2qSkIjg1o9h3YT9RAgYN75
Iceland	4	BIRDS OF A FEATHER	Billie Eilish	HIT ME HARD AND SOFT	https://i.scdn.co/image/ab67616d0000b27371d62ea7ea8a5be92d3c1f62	https://open.spotify.com/track/6dOtVTDdiauQNBQEDOtlAB
Iceland	5	bad bitch í RVK	ClubDub	Risa Tilkynning	https://i.scdn.co/image/ab67616d0000b273015df115659604044f33be19	https://open.spotify.com/track/1qIEu0g7jbL4KhZbjTeVW9
Iceland	6	Dvel ég í draumahöll	Hafdís Huld	Vögguvísur	https://i.scdn.co/image/ab67616d0000b273c4de84f6d6a3693d8a9a241a	https://open.spotify.com/track/3ovhC4v5a73S0afcOHhnu2
Iceland	7	MILLION DOLLAR BABY	Tommy Richman	MILLION DOLLAR BABY	https://i.scdn.co/image/ab67616d0000b27301c0cd5da820e6128655854f	https://open.spotify.com/track/5AJ9hqTS2wcFQCELCFRO7A
Iceland	8	Houdini	Eminem	Houdini	https://i.scdn.co/image/ab67616d0000b273810603c94c9246379604cf1a	https://open.spotify.com/track/2HYFX63wP3otVIvopRS99Z
Iceland	9	MONNÍ	Aron Can	MONNÍ	https://i.scdn.co/image/ab67616d0000b27324c758eff825898faa9fbaad	https://open.spotify.com/track/25dFPWFPt3OVvDsOSybenL
Iceland	10	Skína	PATR!K, Luigi	PBT 2.0	https://i.scdn.co/image/ab67616d0000b27384f7b16c2b5585164160d3ca	https://open.spotify.com/track/6srY1H4DrPVgvSD1asK0Og
Ireland	1	Please Please Please	Sabrina Carpenter	Please Please Please	https://i.scdn.co/image/ab67616d0000b273de84adf0e48248ea2d769c3e	https://open.spotify.com/track/5N3hjp1WNayUPZrA8kJmJP
Ireland	2	Espresso	Sabrina Carpenter	Espresso	https://i.scdn.co/image/ab67616d0000b273659cd4673230913b3918e0d5	https://open.spotify.com/track/2qSkIjg1o9h3YT9RAgYN75
Ireland	3	A Bar Song (Tipsy)	Shaboozey	Where I've Been, Isn't Where I'm Going	https://i.scdn.co/image/ab67616d0000b27360df033c8f8b17384387666a	https://open.spotify.com/track/5fZJQrFKWQLb7FpJXZ1g7K
Ireland	4	Too Sweet	Hozier	Unreal Unearth: Unheard	https://i.scdn.co/image/ab67616d0000b2733e1b212546dac35443735241	https://open.spotify.com/track/5Z0UnEtpLDQyYlWwgi8m9C
Ireland	5	BIRDS OF A FEATHER	Billie Eilish	HIT ME HARD AND SOFT	https://i.scdn.co/image/ab67616d0000b27371d62ea7ea8a5be92d3c1f62	https://open.spotify.com/track/6dOtVTDdiauQNBQEDOtlAB
Ireland	6	I Had Some Help (Feat. Morgan Wallen)	Post Malone, Morgan Wallen	I Had Some Help	https://i.scdn.co/image/ab67616d0000b27397306976e3eb8aad53b754eb	https://open.spotify.com/track/7221xIgOnuakPdLqT0F3nP
Ireland	7	Good Luck, Babe!	Chappell Roan	Good Luck, Babe!	https://i.scdn.co/image/ab67616d0000b27391b4bc7c88d91a42e0f3a8b7	https://open.spotify.com/track/0WbMK4wrZ1wFSty9F7FCgu
Ireland	8	Austin (Boots Stop Workin')	Dasha	What Happens Now?	https://i.scdn.co/image/ab67616d0000b2734ccf88b66e04cfd247f287eb	https://open.spotify.com/track/2uqYupMHANxnwgeiXTZXzd
Ireland	9	Beautiful Things	Benson Boone	Fireworks & Rollerblades	https://i.scdn.co/image/ab67616d0000b273cc04ff3e70e146ba9abacf40	https://open.spotify.com/track/3xkHsmpQCBMytMJNiDf3Ii
Ireland	10	Stargazing	Myles Smith	Stargazing	https://i.scdn.co/image/ab67616d0000b27381b12e1a0584e8ea7ba2ae4a	https://open.spotify.com/track/3Vr3zh0r7ALn8VLqCiRR10
United Kingdom	1	Please Please Please	Sabrina Carpenter	Please Please Please	https://i.scdn.co/image/ab67616d0000b273de84adf0e48248ea2d769c3e	https://open.spotify.com/track/5N3hjp1WNayUPZrA8kJmJP
United Kingdom	2	Espresso	Sabrina Carpenter	Espresso	https://i.scdn.co/image/ab67616d0000b273659cd4673230913b3918e0d5	https://open.spotify.com/track/2qSkIjg1o9h3YT9RAgYN75
United Kingdom	3	BIRDS OF A FEATHER	Billie Eilish	HIT ME HARD AND SOFT	https://i.scdn.co/image/ab67616d0000b27371d62ea7ea8a5be92d3c1f62	https://open.spotify.com/track/6dOtVTDdiauQNBQEDOtlAB
United Kingdom	4	A Bar Song (Tipsy)	Shaboozey	Where I've Been, Isn't Where I'm Going	https://i.scdn.co/image/ab67616d0000b27360df033c8f8b17384387666a	https://open.spotify.com/track/5fZJQrFKWQLb7FpJXZ1g7K
United Kingdom	5	Too Sweet	Hozier	Unreal Unearth: Unheard	https://i.scdn.co/image/ab67616d0000b2733e1b212546dac35443735241	https://open.spotify.com/track/5Z0UnEtpLDQyYlWwgi8m9C
United Kingdom	6	Good Luck, Babe!	Chappell Roan	Good Luck, Babe!	https://i.scdn.co/image/ab67616d0000b27391b4bc7c88d91a42e0f3a8b7	https://open.spotify.com/track/0WbMK4wrZ1wFSty9F7FCgu
United Kingdom	7	Houdini	Eminem	Houdini	https://i.scdn.co/image/ab67616d0000b273810603c94c9246379604cf1a	https://open.spotify.com/track/2HYFX63wP3otVIvopRS99Z
United Kingdom	8	Beautiful Things	Benson Boone	Fireworks & Rollerblades	https://i.scdn.co/image/ab67616d0000b273cc04ff3e70e146ba9abacf40	https://open.spotify.com/track/3xkHsmpQCBMytMJNiDf3Ii
United Kingdom	9	Stargazing	Myles Smith	Stargazing	https://i.scdn.co/image/ab67616d0000b27381b12e1a0584e8ea7ba2ae4a	https://open.spotify.com/track/3Vr3zh0r7ALn8VLqCiRR10
United Kingdom	10	I Had Some Help (Feat. Morgan Wallen)	Post Malone, Morgan Wallen	I Had Some Help	https://i.scdn.co/image/ab67616d0000b27397306976e3eb8aad53b754eb	https://open.spotify.com/track/7221xIgOnuakPdLqT0F3nP
Greece	1	MA BELLA	RACK, TOQUEL, Beyond	EGO THERAPY	https://i.scdn.co/image/ab67616d0000b27359ea7fcaffe26630473d9a13	https://open.spotify.com/track/6D5QFkJLHYuv5f7hvslZxz
Greece	2	OMERTA	RACK, Light, Beyond	EGO THERAPY	https://i.scdn.co/image/ab67616d0000b27359ea7fcaffe26630473d9a13	https://open.spotify.com/track/3SX7Wbl2uotkaeKUJkrP85
Greece	3	Vradia	Roi 6/12, Evangelia	Vradia	https://i.scdn.co/image/ab67616d0000b2737b22512bd6589bb93a6ff602	https://open.spotify.com/track/7m2z3y1R6K7ZXBMYeEK9zn
Greece	4	EMRATA	Sin Laurent, Oge, RACK	MEMBERS' CLUB	https://i.scdn.co/image/ab67616d0000b2733e26b4150e429d861233ed92	https://open.spotify.com/track/32mjlY9k5lq3UISyFUGWyb
Greece	5	Carvajal	TOQUEL, Ioannis	Carvajal	https://i.scdn.co/image/ab67616d0000b273fc00e41021eb6d053c7f6613	https://open.spotify.com/track/04g3PRNUhYa6wAoHx3IE17
Greece	6	Monaxiki Kardia	Melisses	Monaxiki Kardia	https://i.scdn.co/image/ab67616d0000b273d11cabd8d4acdba34a54282f	https://open.spotify.com/track/46aH7ZYbc2P5qQno3G49OH
Greece	7	MYKONOS	Strat	MYKONOS	https://i.scdn.co/image/ab67616d0000b27376d20737675f45fadef25cdc	https://open.spotify.com/track/4pFoAd8J9FpN7TADclqL3d
Greece	8	Bonnie	SNIK	TOPBOY 2	https://i.scdn.co/image/ab67616d0000b2736028e4ff2a801c3f13f3358a	https://open.spotify.com/track/4Mt52gHMDFcLKplLU4NKaW
Greece	9	Move	Adam Port, Stryv, Keinemusik, Orso, Malachiii	Move	https://i.scdn.co/image/ab67616d0000b27317a013a00d0a33f3dd49974d	https://open.spotify.com/track/1BJJbSX6muJVF2AK7uH1x4
Greece	10	F16	RACK, Dani Gambino, Beyond	EGO THERAPY	https://i.scdn.co/image/ab67616d0000b27359ea7fcaffe26630473d9a13	https://open.spotify.com/track/4g7r6dnXdMG2NriZNXCvJS
France	1	Imagine	Carbonne	Imagine	https://i.scdn.co/image/ab67616d0000b273c30a309dcc36ab8d5258c75b	https://open.spotify.com/track/6IcsbETuviVu6UTiBTcxY4
France	2	SPIDER	GIMS, DYSTINCT	SPIDER	https://i.scdn.co/image/ab67616d0000b27359dc8da873a4aa6c2d6888ff	https://open.spotify.com/track/2fFTn0f94EopgZyfSGQuyK
France	3	Gata Only	FloyyMenor, Cris Mj	Gata Only	https://i.scdn.co/image/ab67616d0000b273c4583f3ad76630879a75450a	https://open.spotify.com/track/6XjDF6nds4DE2BBbagZol6
France	4	Petit génie	Jungeli, Imen Es, Alonzo, Abou Debeing, Lossa	Petit génie	https://i.scdn.co/image/ab67616d0000b2737b6ae17633cbb6f9c1b5d4ac	https://open.spotify.com/track/1eldTykrnkEBLX41bk5eMw
France	5	Mélanine	Heuss L'enfoiré, Werenoi	LVDR	https://i.scdn.co/image/ab67616d0000b27326914a6e0c0bf91815d0fc24	https://open.spotify.com/track/0t7d6wbJLS2A31yqlHFew7
France	6	Wayeh	THEODORT	Imad	https://i.scdn.co/image/ab67616d0000b273d726484fcdb087409ded0765	https://open.spotify.com/track/7EMzOyDT87Uq9Hi08Mxe31
France	7	Aucune attache	KeBlack	Aucune attache	https://i.scdn.co/image/ab67616d0000b2734554f6ef4b73557ab553bc21	https://open.spotify.com/track/3KZN01EuBoqh04jyGXpnxr
France	8	Hakayet	VEN1	Hakayet	https://i.scdn.co/image/ab67616d0000b27313295a84f4cf446fab5553a9	https://open.spotify.com/track/3PyRt7gpih7EPvV0fMWEom
France	9	Espresso	Sabrina Carpenter	Espresso	https://i.scdn.co/image/ab67616d0000b273659cd4673230913b3918e0d5	https://open.spotify.com/track/2qSkIjg1o9h3YT9RAgYN75
France	10	Boucan (feat. Franglish)	KeBlack, Franglish	Boucan (feat. Franglish)	https://i.scdn.co/image/ab67616d0000b27378ed0170fe04ce8369809eb3	https://open.spotify.com/track/6jElwivDtkQUv9QFGrdN26
Finland	1	Luotathan	Mirella, Lauri Haav	Luotathan	https://i.scdn.co/image/ab67616d0000b2732f05d479318368e4e9571b93	https://open.spotify.com/track/0hua7obC2aRxJdPkSoFKEu
Finland	2	Juhannusyö	Portion Boys, Kake Randelin	Juhannusyö / Mökkielämää	https://i.scdn.co/image/ab67616d0000b27377761ed4e440155ea4b5fc6c	https://open.spotify.com/track/2lwbCSDiToiRgz0W79aW3D
Finland	3	Häitä pidelly	Robin Packalen, Tupe.	Häitä pidelly	https://i.scdn.co/image/ab67616d0000b2735eb45e0981f0984697b8ee73	https://open.spotify.com/track/6Y7TST1IwwlQqGGpmQjfEO
Finland	4	Vaisto (feat. Juuna Chill)	Costi, Juuna Chill	Vaisto (feat. Juuna Chill)	https://i.scdn.co/image/ab67616d0000b273e31649c1f13b34d4de18088a	https://open.spotify.com/track/31lZDgdGLl7bzGcVqtuWdr
Finland	5	Stadi (Alicia)	OLGA, Isac Elliot	Stadi (Alicia)	https://i.scdn.co/image/ab67616d0000b27373a78c5d24b7e635e8d4f370	https://open.spotify.com/track/7gHubaWZNQNvLieogqkVmA
Finland	6	En sitä tarkoittanut	Edicti, F	En sitä tarkoittanut	https://i.scdn.co/image/ab67616d0000b273f6052e1bf3570c0de2a66167	https://open.spotify.com/track/00PdQeNpWlEzqrMN3eauPl
Finland	7	Timanttei	Mirella	Timanttei	https://i.scdn.co/image/ab67616d0000b2736f125321e2664adfd41613ac	https://open.spotify.com/track/3BZB8nRPdxDmG2X5Mzlq7X
Finland	8	Juostaan (feat. Sexmane)	Sara Siipola, Sexmane	Juostaan (feat. Sexmane)	https://i.scdn.co/image/ab67616d0000b2737ca9705a2c48068879313880	https://open.spotify.com/track/5Yn8jOYR59KhHQdhwiQdXO
Finland	9	Rallikansa	JVG	Rallikansa	https://i.scdn.co/image/ab67616d0000b273e2ed6cbdcdae2182165153bc	https://open.spotify.com/track/1tE3e0tfkZ4q8wC9fMcAoP
Finland	10	Ihanuuteni blondiina	Niilo, Antti	Ihanuuteni blondiina	https://i.scdn.co/image/ab67616d0000b273fe88d3cbec708547139de141	https://open.spotify.com/track/0YWhcwLqzS4QkrmH8dogWS
Estonia	1	push it	nublu, maria kallastu	push it	https://i.scdn.co/image/ab67616d0000b273749c54a79a1e1c92edd8b7f0	https://open.spotify.com/track/7AleqJvqrVBeQitkWntUUc
Estonia	2	Pedro	Jaxomy, Agatino Romero, Raffaella Carrà	Pedro	https://i.scdn.co/image/ab67616d0000b27384464d902b1ebaf62775a6da	https://open.spotify.com/track/48lxT5qJF0yYyf2z4wB4xW
Estonia	3	(nendest) narkootikumidest ei tea me (küll) midagi	5MIINUST, Puuluup	kannatused ehk külakiigel pole stopperit	https://i.scdn.co/image/ab67616d0000b2739a6f2083aa6f3d75010a703c	https://open.spotify.com/track/43IB8nJZTAmlJi9eBAmTrJ
Estonia	4	Aluspükse	5MIINUST, nublu	Aluspükse	https://i.scdn.co/image/ab67616d0000b273b9e14b4b72131efc62936cc3	https://open.spotify.com/track/2xtLPeeUmIzM1hFw2qeH4U
Estonia	5	Espresso	Sabrina Carpenter	Espresso	https://i.scdn.co/image/ab67616d0000b273659cd4673230913b3918e0d5	https://open.spotify.com/track/2qSkIjg1o9h3YT9RAgYN75
Estonia	6	i like the way you kiss me	Artemas	i like the way you kiss me	https://i.scdn.co/image/ab67616d0000b273e67611dbbf69a90d0b6cb738	https://open.spotify.com/track/2GxrNKugF82CnoRFbQfzPf
Estonia	7	Suvepalavik	Küberünnak & Karmo	Suvepalavik	https://i.scdn.co/image/ab67616d0000b2730d5fdfc44d44f996991ee8ed	https://open.spotify.com/track/1fySIg6QY2qyDgvChQv6la
Estonia	8	kuruta	villemdrillem	kuruta	https://i.scdn.co/image/ab67616d0000b27398600fc0eaa96cd87a01d1e3	https://open.spotify.com/track/6XPANimHsxSvrJUmcTHDeW
Estonia	9	Mojito	Smilers	XX - 20 AASTAT METEORIITIDE SAJUS	https://i.scdn.co/image/ab67616d0000b273216fb20b9ad40f40b0b15c3d	https://open.spotify.com/track/5c7Mswm6Ueq0nKlgH3rTwQ
Estonia	10	Lämmi	Küberünnak & Karmo	Lämmi	https://i.scdn.co/image/ab67616d0000b273faf41fb7774dafe3bd02e11f	https://open.spotify.com/track/03dUoht4jmfAZmpgCvOIkT
Denmark	1	Kongen Af Danmark	Malte Ebert, Herrelandsholdet	Kongen Af Danmark	https://i.scdn.co/image/ab67616d0000b273f3deac5a8053c6dd1a803043	https://open.spotify.com/track/5uIy18j51mPvUhDcrGuj1p
Denmark	2	Hva Du På (feat. Gilli)	Lamin, Gilli	De Her Timer	https://i.scdn.co/image/ab67616d0000b2733a2230aed193b897d05ba69a	https://open.spotify.com/track/2j59di23XCFfbdJPE5KuNw
Denmark	3	København (feat. Suspekt & Benjamin Hav)	Rune Rask, TOOMANYLEFTHANDS, Suspekt, Benjamin Hav	København (feat. Suspekt & Benjamin Hav)	https://i.scdn.co/image/ab67616d0000b2737bc65432b2655ae3e0660db3	https://open.spotify.com/track/5NjehIS8G8xWKsIJCiQov8
Denmark	4	Børn Af Natten (Hola Bonita)	Ankerstjerne, Daniel Schulz, Panamah	Børn Af Natten (Hola Bonita)	https://i.scdn.co/image/ab67616d0000b273aa97f1df4a9b49b0a6335c3d	https://open.spotify.com/track/3ZNTae1ZOrSaURxMZAVFq6
Denmark	5	Reposado	Benny Jamz, Gilli	KENNY	https://i.scdn.co/image/ab67616d0000b27378887eb1b34af1f18ac51b3c	https://open.spotify.com/track/3xJeUxbt51wpvGk3YzqxLi
Denmark	6	Dark Room (feat. ICEKIID)	Tobias Rahim, ICEKIID	Dark Room (feat. ICEKIID)	https://i.scdn.co/image/ab67616d0000b273706d790fed4277252ed78687	https://open.spotify.com/track/1eA6vc394WJF2l4lHLqJ2B
Denmark	7	Under Din Sne	The Minds Of 99	Infinity Action	https://i.scdn.co/image/ab67616d0000b27373c4eed6dbfd71796bf1ff28	https://open.spotify.com/track/3LlqJkcXMBIAE5X1uUiZUN
Denmark	8	Tillid	Benny Jamz, Gilli	KENNY	https://i.scdn.co/image/ab67616d0000b27378887eb1b34af1f18ac51b3c	https://open.spotify.com/track/1smr5XYzThQvsl3oCrmSAc
Denmark	9	Espresso	Sabrina Carpenter	Espresso	https://i.scdn.co/image/ab67616d0000b273659cd4673230913b3918e0d5	https://open.spotify.com/track/2qSkIjg1o9h3YT9RAgYN75
Denmark	10	Chicagenhagen	Benny Jamz, Gilli	KENNY	https://i.scdn.co/image/ab67616d0000b27378887eb1b34af1f18ac51b3c	https://open.spotify.com/track/1z8kbKSGPNRBSbgtkgCUwH
Germany	1	ZEIT, DASS SICH WAS DREHT	$OHO BANI, Herbert Grönemeyer, Ericson	ZEIT, DASS SICH WAS DREHT	https://i.scdn.co/image/ab67616d0000b273822a12155c7808871858d7e0	https://open.spotify.com/track/1NifMX1JqCz9caJowG8dxq
Germany	2	JUNGE BALLER	6PM RECORDS, Ski Aggu, Haaland936, SIRA	JUNGE BALLER	https://i.scdn.co/image/ab67616d0000b27338681a44dc4cf3f81f122d15	https://open.spotify.com/track/29vCE5UzdE8dzcJWbG2CsK
Germany	3	Mittelmeer	Pashanim	2000	https://i.scdn.co/image/ab67616d0000b27333ff34130a6eeecb47d24d26	https://open.spotify.com/track/6leQi7NakJQS1vHRtZsroe
Germany	4	Wunder	AYLIVA, Apache 207	Wunder	https://i.scdn.co/image/ab67616d0000b27372f356a0bf4ec66643e39516	https://open.spotify.com/track/16f4ZN6XOfrIO8fJkm28HM
Germany	5	Houdini	Eminem	Houdini	https://i.scdn.co/image/ab67616d0000b273810603c94c9246379604cf1a	https://open.spotify.com/track/2HYFX63wP3otVIvopRS99Z
Germany	6	Panama	GReeeN	Glückskind	https://i.scdn.co/image/ab67616d0000b273ef496a180518f3ace76dd9ef	https://open.spotify.com/track/3qcreqi8RaGqahtJSQDxNI
Germany	7	VEMPA	FOURTY, Bausa	VEMPA	https://i.scdn.co/image/ab67616d0000b2736423f32068faad29d0b50e22	https://open.spotify.com/track/3pPMgoouYtezLiBTEeL9be
Germany	8	i like the way you kiss me	Artemas	i like the way you kiss me	https://i.scdn.co/image/ab67616d0000b273e67611dbbf69a90d0b6cb738	https://open.spotify.com/track/2GxrNKugF82CnoRFbQfzPf
Germany	9	Baddies	Aitch, Luciano	Baddies	https://i.scdn.co/image/ab67616d0000b273eed970c386333e5a954b5d0b	https://open.spotify.com/track/66Bup3CXgRRl8z91EDHUIf
Germany	10	Gata Only	FloyyMenor, Cris Mj	Gata Only	https://i.scdn.co/image/ab67616d0000b273c4583f3ad76630879a75450a	https://open.spotify.com/track/6XjDF6nds4DE2BBbagZol6
Bulgaria	1	MI AMOR	Dessita, Djordan	MI AMOR	https://i.scdn.co/image/ab67616d0000b27397dd7cee8889c34b15f59c17	https://open.spotify.com/track/1w9r59i5mYISDLF10SxA9q
Bulgaria	2	Окадар	DJ Damyan, Emanuela	Окадар	https://i.scdn.co/image/ab67616d0000b2738d13f785fd8c7ec805016d9b	https://open.spotify.com/track/3dka3n7xJ9gPiqPhWPy4su
Bulgaria	3	Losha	Andrea	Losha	https://i.scdn.co/image/ab67616d0000b27388b695d9b9aa81b8cf6c4b9d	https://open.spotify.com/track/0Ksj1ehwR3eJl6L3bB9VZk
Bulgaria	4	MOY SI MERAK	SIMONA, Mirela	MOY SI MERAK	https://i.scdn.co/image/ab67616d0000b273d7762a3404e39d18eb1fd057	https://open.spotify.com/track/0dvRWYSsM5pIBx9nTXqDWR
Bulgaria	5	Espresso	Sabrina Carpenter	Espresso	https://i.scdn.co/image/ab67616d0000b273659cd4673230913b3918e0d5	https://open.spotify.com/track/2qSkIjg1o9h3YT9RAgYN75
Bulgaria	6	MILLION DOLLAR BABY	Tommy Richman	MILLION DOLLAR BABY	https://i.scdn.co/image/ab67616d0000b27301c0cd5da820e6128655854f	https://open.spotify.com/track/5AJ9hqTS2wcFQCELCFRO7A
Bulgaria	7	Къртиш	Djordan	Къртиш	https://i.scdn.co/image/ab67616d0000b2739d3b7f58fe7b2786990f2d3b	https://open.spotify.com/track/53ScG8sq3K6H9hN2aLCuwY
Bulgaria	8	К'ъв съм як	Djordan	К'ъв съм як	https://i.scdn.co/image/ab67616d0000b2730b4877d538fdbda9a3638396	https://open.spotify.com/track/6z6PaDoMisMAHCB2OKwsrf
Bulgaria	9	Gata Only	FloyyMenor, Cris Mj	Gata Only	https://i.scdn.co/image/ab67616d0000b273c4583f3ad76630879a75450a	https://open.spotify.com/track/6XjDF6nds4DE2BBbagZol6
Bulgaria	10	Not Like Us	Kendrick Lamar	Not Like Us	https://i.scdn.co/image/ab67616d0000b2731ea0c62b2339cbf493a999ad	https://open.spotify.com/track/6AI3ezQ4o3HUoP6Dhudph3
Belgium	1	Beautiful Things	Benson Boone	Fireworks & Rollerblades	https://i.scdn.co/image/ab67616d0000b273cc04ff3e70e146ba9abacf40	https://open.spotify.com/track/3xkHsmpQCBMytMJNiDf3Ii
Belgium	2	Espresso	Sabrina Carpenter	Espresso	https://i.scdn.co/image/ab67616d0000b273659cd4673230913b3918e0d5	https://open.spotify.com/track/2qSkIjg1o9h3YT9RAgYN75
Belgium	3	Stumblin' In	CYRIL	Stumblin' In	https://i.scdn.co/image/ab67616d0000b2739a903819d8a5d3c80c47734c	https://open.spotify.com/track/0h3Xy4V4apMraB5NuM8U7Z
Belgium	4	Stargazing	Myles Smith	Stargazing	https://i.scdn.co/image/ab67616d0000b27381b12e1a0584e8ea7ba2ae4a	https://open.spotify.com/track/3Vr3zh0r7ALn8VLqCiRR10
Belgium	5	Belong Together	Mark Ambor	Belong Together	https://i.scdn.co/image/ab67616d0000b273ed71b8008aaa879622f8c3b5	https://open.spotify.com/track/5uQ7de4EWjb3rkcFxyEOpu
Belgium	6	i like the way you kiss me	Artemas	i like the way you kiss me	https://i.scdn.co/image/ab67616d0000b273e67611dbbf69a90d0b6cb738	https://open.spotify.com/track/2GxrNKugF82CnoRFbQfzPf
Belgium	7	Gata Only	FloyyMenor, Cris Mj	Gata Only	https://i.scdn.co/image/ab67616d0000b273c4583f3ad76630879a75450a	https://open.spotify.com/track/6XjDF6nds4DE2BBbagZol6
Belgium	8	Europapa	Joost	Europapa	https://i.scdn.co/image/ab67616d0000b27364593914322faaf17150d522	https://open.spotify.com/track/0uHrMbMv3c78398pIANDqR
Belgium	9	On Met La Patate (Belgian Anthem)	Omdat Het Kan, Average Rob	On Met La Patate (Belgian Anthem)	https://i.scdn.co/image/ab67616d0000b273b4fe6bbebdf3bae7d7ed9be0	https://open.spotify.com/track/3q8VDAS1z0x5VavigoDXHl
Belgium	10	Pedro	Jaxomy, Agatino Romero, Raffaella Carrà	Pedro	https://i.scdn.co/image/ab67616d0000b27384464d902b1ebaf62775a6da	https://open.spotify.com/track/48lxT5qJF0yYyf2z4wB4xW
